{"flutter":{"platforms":{"android":{"default":{"projectId":"iot-speaker-e27ae","appId":"1:100168795401:android:7ef3eedf2494bc72583fd8","fileOutput":"android/app/google-services.json"}},"dart":{"lib/firebase_options.dart":{"projectId":"iot-speaker-e27ae","configurations":{"android":"1:100168795401:android:7ef3eedf2494bc72583fd8","ios":"1:100168795401:ios:c9dc2b0671d794b3583fd8","macos":"1:100168795401:ios:c9dc2b0671d794b3583fd8","web":"1:100168795401:web:b779c76b5c8a580d583fd8","windows":"1:100168795401:web:808e90f6aa5df100583fd8"}}}}}}