{
  "songs": [
    {
      "id": "1121429554",
      "title": "Chạy Về Khóc Với Anh",
      "album": "Chạy Về Khóc Với Anh(Single)",
      "artist": "ERIK",
      "source": "https://thantrieu.com/resources/music/1121429554.mp3",
      "image": "https://thantrieu.com/resources/arts/1121429554.webp",
      "duration": 224
    },
    {
      "id": "1130295694",
      "title": "Như Anh Đã Thấy Em",
      "album": "Chẳng Thể Tìm Được Em 2",
      "artist": "Phúc XP ft Freak D",
      "source": "https://thantrieu.com/resources/music/1130295694.mp3",
      "image": "https://thantrieu.com/resources/arts/1130295694.webp",
      "duration": 302
    },
    {
      "id": "1130295695",
      "title": "Có Chơi Có Chịu",
      "album": "KARIK X ONLY C",
      "artist": "Karik ft Only C",
      "source": "https://thantrieu.com/resources/music/1130295695.mp3",
      "image": "https://thantrieu.com/resources/arts/1130295695.webp",
      "duration": 224
    },
    {
      "id": "1130295696",
      "title": "Hoa Nở không Màu",
      "album": "Đồng Dao Show",
      "artist": "Hoài Lâm",
      "source": "https://thantrieu.com/resources/music/1130295696.mp3",
      "image": "https://thantrieu.com/resources/arts/1130295696.webp",
      "duration": 257
    },
    {
      "id": "1130295697",
      "title": "Đế Vương",
      "album": "Ciray Remix-Cover",
      "artist": "Đình Dũng",
      "source": "https://thantrieu.com/resources/music/1130295697.mp3",
      "image": "https://thantrieu.com/resources/arts/1130295697.webp",
      "duration": 199
    },
    {
      "id": "1130295698",
      "title": "Thì Thôi",
      "album": "Remix-Đại Mèo",
      "artist": "Nal ft TVk ft 93NEW-G",
      "source": "https://thantrieu.com/resources/music/1130295698.mp3",
      "image": "https://thantrieu.com/resources/arts/1130295698.webp",
      "duration": 287
    },
    {
      "id": "1130295699",
      "title": "Trách Duyên Trách Phận",
      "album": "Unknown",
      "artist": "Đỗ Thành Duy",
      "source": "https://thantrieu.com/resources/music/1130295699.mp3",
      "image": "https://thantrieu.com/resources/arts/1130295699.webp",
      "duration": 284
    },
    {
      "id": "1130295700",
      "title": "Cưới Hông Chốt Nha",
      "album": "NH4T",
      "artist": "Út Nhị Mino",
      "source": "https://thantrieu.com/resources/music/1130295700.mp3",
      "image": "https://thantrieu.com/resources/arts/1130295700.webp",
      "duration": 257
    },
    {
      "id": "1130295701",
      "title": "Em Nên Dừng Lại",
      "album": "Em Nên Dừng Lại(Single)",
      "artist": "Khang Việt",
      "source": "https://thantrieu.com/resources/music/1130295701.mp3",
      "image": "https://thantrieu.com/resources/arts/1130295701.webp",
      "duration": 368
    },
    {
      "id": "1130295702",
      "title": "Người Lạ Thoáng Qua",
      "album": "Người Lạ Thoáng Qua(Single)",
      "artist": "Đinh Tùng Huy",
      "source": "https://thantrieu.com/resources/music/1130295702.mp3",
      "image": "https://thantrieu.com/resources/arts/1130295702.webp",
      "duration": 285
    },
    {
      "id": "1130295703",
      "title": "Ân Tình Sang Trang",
      "album": "Ân Tình Sang Trang(Single)",
      "artist": "Châu Khải Phong",
      "source": "https://thantrieu.com/resources/music/1130295703.mp3",
      "image": "https://thantrieu.com/resources/arts/1130295703.webp",
      "duration": 320
    },
    {
      "id": "1130295704",
      "title": "Pháo Hồng",
      "album": "Pháo Hồng(Single)",
      "artist": "Đạt Long Vinh",
      "source": "https://thantrieu.com/resources/music/1130295704.mp3",
      "image": "https://thantrieu.com/resources/arts/1130295704.webp",
      "duration": 235
    },
    {
      "id": "1130295705",
      "title": "Ai Chung Tình Được Mãi",
      "album": "Ai Chung Tình Được Mãi(Single)",
      "artist": "Đinh Tùng Huy",
      "source": "https://thantrieu.com/resources/music/1130295705.mp3",
      "image": "https://thantrieu.com/resources/arts/1130295705.webp",
      "duration": 335
    },
    {
      "id": "1073419268",
      "title": "Beautiful In White",
      "album": "Wild Angel's Collection",
      "artist": "Shayne Ward",
      "source": "https://thantrieu.com/resources/music/1073419268.mp3",
      "image": "https://thantrieu.com/resources/arts/1073419268.webp",
      "duration": 232
    },
    {
      "id": "1073850016",
      "title": "Where Have You Gone",
      "album": "Collection Songs",
      "artist": "Ricky J",
      "source": "https://thantrieu.com/resources/music/1073850016.mp3",
      "image": "https://thantrieu.com/resources/arts/1073850016.webp",
      "duration": 323
    },
    {
      "id": "1073969323",
      "title": "Vợ Tôi",
      "album": "TNCD 302 Vợ Tôi",
      "artist": "Mạnh Quỳnh",
      "source": "https://thantrieu.com/resources/music/1073969323.mp3",
      "image": "https://thantrieu.com/resources/arts/1073969323.webp",
      "duration": 307
    },
    {
      "id": "1073969708",
      "title": "Right Here Waiting For You",
      "album": "Wild Angel's Collection",
      "artist": "Richard Marx",
      "source": "https://thantrieu.com/resources/music/1073969708.mp3",
      "image": "https://thantrieu.com/resources/arts/1073969708.webp",
      "duration": 262
    },
    {
      "id": "1074183664",
      "title": "Yêu Anh",
      "album": "Em Yêu Anh",
      "artist": "Miu Lê",
      "source": "https://thantrieu.com/resources/music/1074183664.mp3",
      "image": "https://thantrieu.com/resources/arts/1074183664.webp",
      "duration": 258
    },
    {
      "id": "1074241673",
      "title": "Chỉ Có Một Người Để Yêu Trên Thế Gian",
      "album": "Phải Chi Lúc Trước Anh Sai",
      "artist": "Mr Siro",
      "source": "https://thantrieu.com/resources/music/1074241673.mp3",
      "image": "https://thantrieu.com/resources/arts/1074241673.webp",
      "duration": 286
    },
    {
      "id": "1074276774",
      "title": "Sầu Tím Thiệp Hồng",
      "album": "Chuyện Tình Không Dĩ Vãng",
      "artist": "Quang Lê ft Lệ Quyên",
      "source": "https://thantrieu.com/resources/music/1074276774.mp3",
      "image": "https://thantrieu.com/resources/arts/1074276774.webp",
      "duration": 287
    },
    {
      "id": "1074344478",
      "title": "Lắng Nghe Nước Mắt",
      "album": "Lắng Nghe Nước Mắt(Single)",
      "artist": "Mr. Siro",
      "source": "https://thantrieu.com/resources/music/1074344478.mp3",
      "image": "https://thantrieu.com/resources/arts/1074241673.webp",
      "duration": 324
    },
    {
      "id": "1074412087",
      "title": "Người Con Gái Anh Không Thể Quên",
      "album": "Lắng Nghe Nước Mắt(Single)",
      "artist": "Mr. Siro",
      "source": "https://thantrieu.com/resources/music/1074412087.mp3",
      "image": "https://thantrieu.com/resources/arts/1074241673.webp",
      "duration": 269
    },
    {
      "id": "1074700719",
      "title": "Bức Tranh Màu Nước Mắt",
      "album": "Lắng Nghe Nước Mắt(Single)",
      "artist": "Mr. Siro",
      "source": "https://thantrieu.com/resources/music/1074700719.mp3",
      "image": "https://thantrieu.com/resources/arts/1074241673.webp",
      "duration": 259
    },
    {
      "id": "1074592745",
      "title": "Giả Vờ Nhưng Em Yêu Anh",
      "album": "Em Yêu Anh",
      "artist": "Miu Lê",
      "source": "https://thantrieu.com/resources/music/1074592745.mp3",
      "image": "https://thantrieu.com/resources/arts/1074183664.webp",
      "duration": 236
    },
    {
      "id": "1074748272",
      "title": "Không Quan Trọng",
      "album": "Lê Bảo Bình - Phan Mạnh Quỳnh",
      "artist": "Lê Bảo Bình ft Phan Mạnh Quỳnh",
      "source": "https://thantrieu.com/resources/music/1074748272.mp3",
      "image": "https://thantrieu.com/resources/arts/1074748272.webp",
      "duration": 264
    },
    {
      "id": "1074793765",
      "title": "Không Cần Thêm Một Ai Nữa",
      "album": "Unknown",
      "artist": "Mr. Siro ft BigDaddy",
      "source": "https://thantrieu.com/resources/music/1074793765.mp3",
      "image": "https://thantrieu.com/resources/arts/1074793765.webp",
      "duration": 252
    },
    {
      "id": "1074869263",
      "title": "Thời Hạn Của Tình Yêu",
      "album": "Unknown",
      "artist": "Mr. Siro ft Phan Thiên Ngân",
      "source": "https://thantrieu.com/resources/music/1074869263.mp3",
      "image": "https://thantrieu.com/resources/arts/1074869263.webp",
      "duration": 265
    },
    {
      "id": "1074872458",
      "title": "Trót Yêu",
      "album": "Unknown",
      "artist": "Trung Quân Idol",
      "source": "https://thantrieu.com/resources/music/1074872458.mp3",
      "image": "https://thantrieu.com/resources/arts/1074872458.webp",
      "duration": 287
    },
    {
      "id": "1074952862",
      "title": "Có Anh Ở Đây Rồi",
      "album": "Có Anh Ở Đây Rồi(Single)",
      "artist": "Anh Quân Idol",
      "source": "https://thantrieu.com/resources/music/1074952862.mp3",
      "image": "https://thantrieu.com/resources/arts/1074952862.webp",
      "duration": 291
    },
    {
      "id": "1074959659",
      "title": "Duyên Phận",
      "album": "Gửi Vào Kỷ Niệm",
      "artist": "Dương Hồng Loan",
      "source": "https://thantrieu.com/resources/music/1074959659.mp3",
      "image": "https://thantrieu.com/resources/arts/1074959659.webp",
      "duration": 348
    },
    {
      "id": "1075065818",
      "title": "Tìm được nhau khó thế nào",
      "album": "Wild Angel's Collection",
      "artist": "Mr. Siro",
      "source": "https://thantrieu.com/resources/music/1075065818.mp3",
      "image": "https://thantrieu.com/resources/arts/1075065818.webp",
      "duration": 270
    },
    {
      "id": "1075096420",
      "title": "Vợ Là Nhất",
      "album": "Unknown",
      "artist": "Lê Bảo Bình",
      "source": "https://thantrieu.com/resources/music/1075096420.mp3",
      "image": "https://thantrieu.com/resources/arts/1075096420.webp",
      "duration": 230
    },
    {
      "id": "1075144767",
      "title": "Phai Dấu Cuộc Tình",
      "album": "Điều Chưa Từng Nói",
      "artist": "Bích Phương",
      "source": "https://thantrieu.com/resources/music/1075144767.mp3",
      "image": "https://thantrieu.com/resources/arts/1075144767.webp",
      "duration": 274
    },
    {
      "id": "1075144768",
      "title": "Nụ Hồng Mong Manh",
      "album": "Điều Chưa Từng Nói",
      "artist": "Bích Phương",
      "source": "https://thantrieu.com/resources/music/1075144768.mp3",
      "image": "https://thantrieu.com/resources/arts/1075144767.webp",
      "duration": 274
    },
    {
      "id": "1075144769",
      "title": "Đêm Em Chờ",
      "album": "Điều Chưa Từng Nói",
      "artist": "Bích Phương",
      "source": "https://thantrieu.com/resources/music/1075144769.mp3",
      "image": "https://thantrieu.com/resources/arts/1075144767.webp",
      "duration": 254
    },
    {
      "id": "1075170082",
      "title": "Nếu Không Thể Đến Với Nhau",
      "album": "Con Nợ Mẹ",
      "artist": "Trịnh Đình Quang",
      "source": "https://thantrieu.com/resources/music/1075170082.mp3",
      "image": "https://thantrieu.com/resources/arts/1075170082.webp",
      "duration": 326
    },
    {
      "id": "1075170083",
      "title": "Tìm Em",
      "album": "Con Nợ Mẹ",
      "artist": "Trịnh Đình Quang",
      "source": "https://thantrieu.com/resources/music/1075170083.mp3",
      "image": "https://thantrieu.com/resources/arts/1075170082.webp",
      "duration": 222
    },
    {
      "id": "1075170084",
      "title": "Con Nợ Mẹ",
      "album": "Con Nợ Mẹ",
      "artist": "Trịnh Đình Quang",
      "source": "https://thantrieu.com/resources/music/1075170084.mp3",
      "image": "https://thantrieu.com/resources/arts/1075170082.webp",
      "duration": 232
    },
    {
      "id": "1075251906",
      "title": "Vô Hình Trong Tim Em",
      "album": "Lắng Nghe Nước Mắt(Single)",
      "artist": "Mr. Siro",
      "source": "https://thantrieu.com/resources/music/1075251906.mp3",
      "image": "https://thantrieu.com/resources/arts/1075251906.webp",
      "duration": 245
    },
    {
      "id": "1075363470",
      "title": "Người Từng Yêu Anh Rất Sâu Nặng",
      "album": "Hương Tràm",
      "artist": "Hương Tràm",
      "source": "https://thantrieu.com/resources/music/1075363470.mp3",
      "image": "https://thantrieu.com/resources/arts/1075363470.webp",
      "duration": 297
    },
    {
      "id": "1075365502",
      "title": "Chưa Bao Giờ",
      "album": "Digital Single & Music Video",
      "artist": "Trung Quân Idol",
      "source": "https://thantrieu.com/resources/music/1075365502.mp3",
      "image": "https://thantrieu.com/resources/arts/1075365502.webp",
      "duration": 275
    },
    {
      "id": "1075398749",
      "title": "Vu Lan Nhớ Mẹ",
      "album": "Nhớ Gia Đình",
      "artist": "Lê Bảo Bình",
      "source": "https://thantrieu.com/resources/music/1075398749.mp3",
      "image": "https://thantrieu.com/resources/arts/1075398749.webp",
      "duration": 230
    },
    {
      "id": "1075399196",
      "title": "Thất Tình",
      "album": "Phụ Tình(Single)",
      "artist": "Trịnh Đình Quang",
      "source": "https://thantrieu.com/resources/music/1075399196.mp3",
      "image": "https://thantrieu.com/resources/arts/1075399196.webp",
      "duration": 394
    },
    {
      "id": "1075415770",
      "title": "Dưới Những Cơn Mưa",
      "album": "Tình Yêu Chắp Vá",
      "artist": "Mr. Siro",
      "source": "https://thantrieu.com/resources/music/1075415770.mp3",
      "image": "https://thantrieu.com/resources/arts/1075415770.webp",
      "duration": 297
    },
    {
      "id": "1075423818",
      "title": "Nếu Em Còn Tồn Tại",
      "album": "Unknown",
      "artist": "Trịnh Đình Quang",
      "source": "https://thantrieu.com/resources/music/1075423818.mp3",
      "image": "https://thantrieu.com/resources/arts/1075399196.webp",
      "duration": 322
    },
    {
      "id": "1075429010",
      "title": "Cha Mẹ Con Xin Lỗi",
      "album": "Nhớ Gia Đình",
      "artist": "Lê Bảo Bình",
      "source": "https://thantrieu.com/resources/music/1075429010.mp3",
      "image": "https://thantrieu.com/resources/arts/1075398749.webp",
      "duration": 203
    },
    {
      "id": "1075435155",
      "title": "Sống Trong Nỗi Nhớ",
      "album": "Tình Yêu Chắp Vá",
      "artist": "Mr. Siro",
      "source": "https://thantrieu.com/resources/music/1075435155.mp3",
      "image": "https://thantrieu.com/resources/arts/1075415770.webp",
      "duration": 333
    },
    {
      "id": "1075475120",
      "title": "Tình Yêu Chắp Vá",
      "album": "Tình Yêu Chắp Vá",
      "artist": "Mr. Siro",
      "source": "https://thantrieu.com/resources/music/1075475120.mp3",
      "image": "https://thantrieu.com/resources/arts/1075415770.webp",
      "duration": 267
    },
    {
      "id": "1075525434",
      "title": "Yêu Vội Vàng",
      "album": "Hỏi Thăm Nhau",
      "artist": "Lê Bảo Bình",
      "source": "https://thantrieu.com/resources/music/1075525434.mp3",
      "image": "https://thantrieu.com/resources/arts/1075525434.png",
      "duration": 319
    },
    {
      "id": "1075536512",
      "title": "Bông Điên Điển",
      "album": "The Best of Phi Nhung - Ru Lại Câu Hò",
      "artist": "Phi Nhung",
      "source": "https://thantrieu.com/resources/music/1075536512.mp3",
      "image": "https://thantrieu.com/resources/arts/1075536512.webp",
      "duration": 267
    },
    {
      "id": "1075787606",
      "title": "Hỏi Thăm Nhau",
      "album": "Hỏi Thăm Nhau",
      "artist": "Lê Bảo Bình",
      "source": "https://thantrieu.com/resources/music/1075787606.mp3",
      "image": "https://thantrieu.com/resources/arts/1075525434.png",
      "duration": 319
    },
    {
      "id": "1076249352",
      "title": "Kết Thúc Lâu Rồi",
      "album": "Unknown",
      "artist": "Lê Bảo Bình",
      "source": "https://thantrieu.com/resources/music/1076249352.mp3",
      "image": "https://thantrieu.com/resources/arts/1076249352.webp",
      "duration": 318
    },
    {
      "id": "1076431972",
      "title": "Người Phản Bội",
      "album": "Unknown",
      "artist": "Lê Bảo Bình",
      "source": "https://thantrieu.com/resources/music/1076431972.mp3",
      "image": "https://thantrieu.com/resources/arts/1078153801.webp",
      "duration": 310
    },
    {
      "id": "1078153801",
      "title": "Chẳng Bao Giờ Quên",
      "album": "Remix-Unknown",
      "artist": "Lê Bảo Bình",
      "source": "https://thantrieu.com/resources/music/1078153801.mp3",
      "image": "https://thantrieu.com/resources/arts/1078153801.webp",
      "duration": 257
    },
    {
      "id": "1078153803",
      "title": "Tập Cô Đơn",
      "album": "Unknown",
      "artist": "Lê Bảo Bình",
      "source": "https://thantrieu.com/resources/music/1078153803.mp3",
      "image": "https://thantrieu.com/resources/arts/1078153801.webp",
      "duration": 296
    },
    {
      "id": "1078168375",
      "title": "Em Giờ Ra Sao",
      "album": "Remix-Unknown",
      "artist": "Lê Bảo Bình",
      "source": "https://thantrieu.com/resources/music/1078168375.mp3",
      "image": "https://thantrieu.com/resources/arts/1078153801.webp",
      "duration": 253
    },
    {
      "id": "1078009835",
      "title": "Hương Tóc Mạ Non",
      "album": "Tuyệt Đỉnh Song Ca",
      "artist": "Khánh Bình ft Ngọc Diệu",
      "source": "https://thantrieu.com/resources/music/1078009835.mp3",
      "image": "https://thantrieu.com/resources/arts/1078009835.webp",
      "duration": 271
    },
    {
      "id": "1078245006",
      "title": "Đám Cưới Trên Đường Quê",
      "album": "Tình Lúa Duyên Trăng",
      "artist": "Quách Thành Danh ft Dương Hồng Loan",
      "source": "https://thantrieu.com/resources/music/1078245006.mp3",
      "image": "https://thantrieu.com/resources/arts/1078245006.webp",
      "duration": 319
    },
    {
      "id": "1078245007",
      "title": "Việt Kiều",
      "album": "Việt Kiều(Single)",
      "artist": "Wren Evans ft Itsnk",
      "source": "https://thantrieu.com/resources/music/1078245007.mp3",
      "image": "https://thantrieu.com/resources/arts/1078245007.webp",
      "duration": 170
    },
    {
      "id": "1078245008",
      "title": "Mưa Tháng Sáu",
      "album": "Mưa Tháng Sáu(Single)",
      "artist": "Văn Mai Hương ft GREY D ft Trung Quân",
      "source": "https://thantrieu.com/resources/music/1078245008.mp3",
      "image": "https://thantrieu.com/resources/arts/1078245008.webp",
      "duration": 257
    },
    {
      "id": "1078245009",
      "title": "Đưa Em Về Nhà",
      "album": "Đưa Em Về Nhà(Single)",
      "artist": "GREY D ft Chillies",
      "source": "https://thantrieu.com/resources/music/1078245009.mp3",
      "image": "https://thantrieu.com/resources/arts/1078245009.webp",
      "duration": 240
    },
    {
      "id": "1078245010",
      "title": "Thằng Điên",
      "album": "Thằng Điên(Single)",
      "artist": "JustaTee ft Phương Ly",
      "source": "https://thantrieu.com/resources/music/1078245010.mp3",
      "image": "https://thantrieu.com/resources/arts/1078245010.webp",
      "duration": 236
    },
    {
      "id": "1078245011",
      "title": "Quên Anh Đi",
      "album": "22",
      "artist": "MONO",
      "source": "https://thantrieu.com/resources/music/1078245011.mp3",
      "image": "https://thantrieu.com/resources/arts/1078245011.webp",
      "duration": 246
    },
    {
      "id": "1078245012",
      "title": "Yêu Em Rất Nhiều",
      "album": "Yêu Em Rất Nhiều(Single)",
      "artist": "Hoàng Tôn",
      "source": "https://thantrieu.com/resources/music/1078245012.mp3",
      "image": "https://thantrieu.com/resources/arts/1078245012.webp",
      "duration": 270
    },
    {
      "id": "1078245013",
      "title": "Cô Ấy Của Anh Ấy",
      "album": "Không Biết Nên Vui hay Buồn(EP)",
      "artist": "Bảo Anh",
      "source": "https://thantrieu.com/resources/music/1078245013.mp3",
      "image": "https://thantrieu.com/resources/arts/1078245013.webp",
      "duration": 275
    },
    {
      "id": "1078245014",
      "title": "Miễn Là Cùng Nhau",
      "album": "Miễn Là Cùng Nhau(Single)",
      "artist": "Sean ft Minh Huy",
      "source": "https://thantrieu.com/resources/music/1078245014.mp3",
      "image": "https://thantrieu.com/resources/arts/1078245014.webp",
      "duration": 235
    },
    {
      "id": "1078245015",
      "title": "Tiếng Ru Đêm",
      "album": "Bao Năm Một Cuộc Tình(EP)",
      "artist": "Madihu ft Hà Linh",
      "source": "https://thantrieu.com/resources/music/1078245015.mp3",
      "image": "https://thantrieu.com/resources/arts/1078245015.webp",
      "duration": 318
    },
    {
      "id": "1078245016",
      "title": "Mùa Đông Chưa Bao Giờ Tới",
      "album": "Mùa Đông Chưa Bao Giờ Tới(Single)",
      "artist": "Vũ ft Uyên Linh",
      "source": "https://thantrieu.com/resources/music/1078245016.mp3",
      "image": "https://thantrieu.com/resources/arts/1078245016.webp",
      "duration": 267
    },
    {
      "id": "1078245017",
      "title": "Gái Độc Thân",
      "album": "Gái Độc Thân(Single)",
      "artist": "Tlinh",
      "source": "https://thantrieu.com/resources/music/1078245017.mp3",
      "image": "https://thantrieu.com/resources/arts/1078245017.webp",
      "duration": 185
    },
    {
      "id": "1078245018",
      "title": "Phía Sau Một Cô Gái",
      "album": "Phía Sau Một Cô Gái(Single)",
      "artist": "SOOBIN",
      "source": "https://thantrieu.com/resources/music/1078245018.mp3",
      "image": "https://thantrieu.com/resources/arts/1078245018.webp",
      "duration": 270
    },
    {
      "id": "1078245019",
      "title": "Chỉ Còn Những Mùa Nhớ",
      "album": "The First Step",
      "artist": "Bảo Trâm",
      "source": "https://thantrieu.com/resources/music/1078245019.mp3",
      "image": "https://thantrieu.com/resources/arts/1078245019.webp",
      "duration": 288
    },
    {
      "id": "1078245020",
      "title": "Những Đêm Lặng Câm",
      "album": "Điều Chưa Từng Nói",
      "artist": "Bích Phương",
      "source": "https://thantrieu.com/resources/music/1078245020.mp3",
      "image": "https://thantrieu.com/resources/arts/1078245020.webp",
      "duration": 240
    },
    {
      "id": "1078245021",
      "title": "Đừng Quên Tên Anh",
      "album": "Đừng Quên Tên Anh(Single)",
      "artist": "Hoa Vinh",
      "source": "https://thantrieu.com/resources/music/1078245021.mp3",
      "image": "https://thantrieu.com/resources/arts/1078245021.webp",
      "duration": 347
    },
    {
      "id": "1078245023",
      "title": "Đừng Ai Nhắc Về Anh Ấy",
      "album": "Đừng Ai Nhắc Về Anh Ấy(Single)",
      "artist": "Trà My Idol",
      "source": "https://thantrieu.com/resources/music/1078245022.mp3",
      "image": "https://thantrieu.com/resources/arts/1078245022.webp",
      "duration": 279
    },
    {
      "id": "1078245023",
      "title": "Chạm Khẽ Tim Anh Một Chút Thôi",
      "album": "Chạm Khẽ Tim Anh Một Chút Thôi(Single)",
      "artist": "Noo Phước Thịnh",
      "source": "https://thantrieu.com/resources/music/1078245023.mp3",
      "image": "https://thantrieu.com/resources/arts/1078245023.webp",
      "duration": 346
    },
    {
      "id": "1078245024",
      "title": "Người Ấy",
      "album": "Người Ấy",
      "artist": "Trịnh Thăng Bình",
      "source": "https://thantrieu.com/resources/music/1078245024.mp3",
      "image": "https://thantrieu.com/resources/arts/1078245024.webp",
      "duration": 261
    },
    {
      "id": "1078245025",
      "title": "Mơ",
      "album": "Người Ấy",
      "artist": "Trịnh Thăng Bình",
      "source": "https://thantrieu.com/resources/music/1078245025.mp3",
      "image": "https://thantrieu.com/resources/arts/1078245025.webp",
      "duration": 302
    },
    {
      "id": "1078245026",
      "title": "Nắm Lấy Tay Anh",
      "album": "Unknown",
      "artist": "Tuấn Hưng",
      "source": "https://thantrieu.com/resources/music/1078245026.mp3",
      "image": "https://thantrieu.com/resources/arts/1078245026.webp",
      "duration": 272
    },
    {
      "id": "1078245027",
      "title": "Ngỏ Lời",
      "album": "Ngỏ Lời(Single)",
      "artist": "Suni Hạ Linh",
      "source": "https://thantrieu.com/resources/music/1078245027.mp3",
      "image": "https://thantrieu.com/resources/arts/1078245027.webp",
      "duration": 236
    },
    {
      "id": "1078245028",
      "title": "Bite Me",
      "album": "DARK BLOOD",
      "artist": "ENHYPEN",
      "source": "https://thantrieu.com/resources/music/1078245028.mp3",
      "image": "https://thantrieu.com/resources/arts/1078245028.webp",
      "duration": 158
    },
    {
      "id": "1078245029",
      "title": "Sao Ta Lặng Im",
      "album": "H2T Tết - Lắng Nghe Mùa Xuân Về",
      "artist": "Hồ Ngọc Hà",
      "source": "https://thantrieu.com/resources/music/1078245029.mp3",
      "image": "https://thantrieu.com/resources/arts/1078245029.webp",
      "duration": 304
    },
    {
      "id": "1078245030",
      "title": "Yêu Anh Đi Mẹ Anh Bán Bánh Mì",
      "album": "Yêu Anh Đi Mẹ Anh Bán Bánh Mì(EP)",
      "artist": "Phúc Du",
      "source": "https://thantrieu.com/resources/music/1078245030.mp3",
      "image": "https://thantrieu.com/resources/arts/1078245030.webp",
      "duration": 253
    },
    {
      "id": "1078245031",
      "title": "Chìm Sâu",
      "album": "99%",
      "artist": "MCK ft Trung Trần",
      "source": "https://thantrieu.com/resources/music/1078245031.mp3",
      "image": "https://thantrieu.com/resources/arts/1078245031.webp",
      "duration": 156
    },
    {
      "id": "1078245032",
      "title": "Chuyện Đôi Ta",
      "album": "Chuyện Đôi Ta(Single)",
      "artist": "Emcee L ft Muộii",
      "source": "https://thantrieu.com/resources/music/1078245032.mp3",
      "image": "https://thantrieu.com/resources/arts/1078245032.webp",
      "duration": 208
    },
    {
      "id": "1078245033",
      "title": "vaicaunoicokhiennguoithaydoi",
      "album": "vaicaunoicokhiennguoithaydoi(Single)",
      "artist": "GREY D ft Tlinh",
      "source": "https://thantrieu.com/resources/music/1078245033.mp3",
      "image": "https://thantrieu.com/resources/arts/1078245033.webp",
      "duration": 226
    },
    {
      "id": "1078245034",
      "title": "Em Đây Chẳng Phải Thúy Kiều",
      "album": "Hoàng",
      "artist": "Hoàng Thùy Linh",
      "source": "https://thantrieu.com/resources/music/1078245034.mp3",
      "image": "https://thantrieu.com/resources/arts/1078245034.webp",
      "duration": 215
    },
    {
      "id": "1078245035",
      "title": "See Tình",
      "album": "LINK",
      "artist": "Hoàng Thùy Linh",
      "source": "https://thantrieu.com/resources/music/1078245035.mp3",
      "image": "https://thantrieu.com/resources/arts/1078245035.webp",
      "duration": 185
    },
    {
      "id": "1078245036",
      "title": "Cho Mình Em",
      "album": "Cho Mình Em(Single)",
      "artist": "Binz ft Đen",
      "source": "https://thantrieu.com/resources/music/1078245036.mp3",
      "image": "https://thantrieu.com/resources/arts/1078245036.webp",
      "duration": 206
    },
    {
      "id": "1078245037",
      "title": "Tay To",
      "album": "Rapitalove(EP)",
      "artist": "Rapital Phong Khin ft MCK",
      "source": "https://thantrieu.com/resources/music/1078245037.mp3",
      "image": "https://thantrieu.com/resources/arts/1078245037.webp",
      "duration": 165
    },
    {
      "id": "1078245038",
      "title": "Bigcityboi",
      "album": "Bigcityboi(Single)",
      "artist": "Binz ft Touliver",
      "source": "https://thantrieu.com/resources/music/1078245038.mp3",
      "image": "https://thantrieu.com/resources/arts/1078245038.webp",
      "duration": 202
    },
    {
      "id": "1078245039",
      "title": "Monday",
      "album": "Unknow",
      "artist": "Trung Trần ft HwangMike",
      "source": "https://thantrieu.com/resources/music/1078245039.mp3",
      "image": "https://thantrieu.com/resources/arts/1078245039.webp",
      "duration": 184
    },
    {
      "id": "1078245040",
      "title": "Take What You Want",
      "album": "Hollywood's Bleeding",
      "artist": "Post Malone ft Ozzy Osbourne ft Travis Scott",
      "source": "https://thantrieu.com/resources/music/1078245040.mp3",
      "image": "https://thantrieu.com/resources/arts/1078245040.webp",
      "duration": 230
    },
    {
      "id": "1078245041",
      "title": "Chắc Anh Đang",
      "album": "Chắc Anh Đang(Single)",
      "artist": "Tiên Tiên ft Trang",
      "source": "https://thantrieu.com/resources/music/1078245041.mp3",
      "image": "https://thantrieu.com/resources/arts/1078245041.webp",
      "duration": 191
    },
    {
      "id": "1078245042",
      "title": "Yêu Thầm",
      "album": "Khanh's Live Vol 2(EP)",
      "artist": "Bạch Công Khanh",
      "source": "https://thantrieu.com/resources/music/1078245042.mp3",
      "image": "https://thantrieu.com/resources/arts/1078245042.webp",
      "duration": 271
    },
    {
      "id": "1078245043",
      "title": "Thật Bất Ngờ",
      "album": "Making Money",
      "artist": "Trúc Nhân",
      "source": "https://thantrieu.com/resources/music/1078245043.mp3",
      "image": "https://thantrieu.com/resources/arts/1078245043.webp",
      "duration": 218
    },
    {
      "id": "1078245044",
      "title": "Lớn Rồi Còn Khóc Nhè",
      "album": "Unknown",
      "artist": "Trúc Nhân",
      "source": "https://thantrieu.com/resources/music/1078245044.mp3",
      "image": "https://thantrieu.com/resources/arts/1078245044.webp",
      "duration": 211
    },
    {
      "id": "1078245045",
      "title": "Nhắm Mắt",
      "album": "Tát Nước Đầu Đình",
      "artist": "Lynk Lee ft Binz",
      "source": "https://thantrieu.com/resources/music/1078245045.mp3",
      "image": "https://thantrieu.com/resources/arts/1078245045.webp",
      "duration": 308
    },
    {
      "id": "1078245046",
      "title": "Tạm Biệt Nhé",
      "album": "Những Bài Hát Hay Về Học Trò",
      "artist": "Lynk Lee ft Phúc Bằng",
      "source": "https://thantrieu.com/resources/music/1078245046.mp3",
      "image": "https://thantrieu.com/resources/arts/1078245046.webp",
      "duration": 287
    },
    {
      "id": "1078245047",
      "title": "Nàng Thơ",
      "album": "25",
      "artist": "Hoàng Dũng",
      "source": "https://thantrieu.com/resources/music/1078245047.mp3",
      "image": "https://thantrieu.com/resources/arts/1078245047.webp",
      "duration": 255
    },
    {
      "id": "1078245048",
      "title": "Về Nhà",
      "album": "25",
      "artist": "Hoàng Dũng",
      "source": "https://thantrieu.com/resources/music/1078245048.mp3",
      "image": "https://thantrieu.com/resources/arts/1078245048.webp",
      "duration": 298
    },
    {
      "id": "1078245049",
      "title": "Hết Thương Cạn Nhớ",
      "album": "Hết Thương Cạn Nhớ(Single)",
      "artist": "Đức Phúc",
      "source": "https://thantrieu.com/resources/music/1078245049.mp3",
      "image": "https://thantrieu.com/resources/arts/1078245049.webp",
      "duration": 284
    },
    {
      "id": "1078245050",
      "title": "Mặt Trời Của Em",
      "album": "Mặt Trời Của Em(Single)",
      "artist": "Phương Ly ft JustaTee",
      "source": "https://thantrieu.com/resources/music/1078245050.mp3",
      "image": "https://thantrieu.com/resources/arts/1078245050.webp",
      "duration": 249
    },
    {
      "id": "1078245051",
      "title": "Chạy Ngay Đi",
      "album": "Chạy Ngay Đi(Single)",
      "artist": "Sơn Tùng M-TP",
      "source": "https://thantrieu.com/resources/music/1078245051.mp3",
      "image": "https://thantrieu.com/resources/arts/1078245051.webp",
      "duration": 248
    },
    {
      "id": "1078245052",
      "title": "Anh Không Đòi Quà",
      "album": "Unknown",
      "artist": "Only C ft Karik",
      "source": "https://thantrieu.com/resources/music/1078245052.mp3",
      "image": "https://thantrieu.com/resources/arts/1078245052.webp",
      "duration": 167
    },
    {
      "id": "1078245053",
      "title": "Xin Đừng Nhấc Máy",
      "album": "Xin Đừng Nhấc Máy(Single)",
      "artist": "B Ray ft Han Sara",
      "source": "https://thantrieu.com/resources/music/1078245053.mp3",
      "image": "https://thantrieu.com/resources/arts/1078245053.webp",
      "duration": 187
    },
    {
      "id": "1078245054",
      "title": "Chỉ Còn Ta Và Ta Giữa Trời",
      "album": "Chỉ Còn Ta Và Ta Giữa Trời(Single)",
      "artist": "Killic ft D.Blue",
      "source": "https://thantrieu.com/resources/music/1078245054.mp3",
      "image": "https://thantrieu.com/resources/arts/1078245054.webp",
      "duration": 187
    },
    {
      "id": "1078245055",
      "title": "Già Cùng Nhau",
      "album": "Già Cùng Nhau Là Được",
      "artist": "Già Cùng Nhau Là Được(Single)",
      "source": "https://thantrieu.com/resources/music/1078245055.mp3",
      "image": "https://thantrieu.com/resources/arts/1078245055.webp",
      "duration": 231
    },
    {
      "id": "1078245056",
      "title": "Thu Cuối",
      "album": "Unknown",
      "artist": "Yanbi ft Hằng BingBoong ft Mr.T",
      "source": "https://thantrieu.com/resources/music/1078245056.mp3",
      "image": "https://thantrieu.com/resources/arts/1078245056.webp",
      "duration": 292
    },
    {
      "id": "1078245057",
      "title": "Goi Em Di",
      "album": "Ten On Ten",
      "artist": "Đông Nhi",
      "source": "https://thantrieu.com/resources/music/1078245057.mp3",
      "image": "https://thantrieu.com/resources/arts/1078245057.webp",
      "duration": 332
    },
    {
      "id": "1078245058",
      "title": "Một Người Đã Đi Xa",
      "album": "The Singer",
      "artist": "Đông Nhi",
      "source": "https://thantrieu.com/resources/music/1078245058.mp3",
      "image": "https://thantrieu.com/resources/arts/1078245058.webp",
      "duration": 164
    },
    {
      "id": "1078245059",
      "title": "Công",
      "album": "No Nê",
      "artist": "Suboi",
      "source": "https://thantrieu.com/resources/music/1078245059.mp3",
      "image": "https://thantrieu.com/resources/arts/1078245059.webp",
      "duration": 248
    },
    {
      "id": "1078245060",
      "title": "Gửi Người Yêu Cũ",
      "album": "Gửi Người Yêu Cũ - Love Songs Collection 3",
      "artist": "Hồ Ngọc Hà",
      "source": "https://thantrieu.com/resources/music/1078245060.mp3",
      "image": "https://thantrieu.com/resources/arts/1078245060.webp",
      "duration": 284
    },
    {
      "id": "1078245061",
      "title": "Đốt",
      "album": "Hương",
      "artist": "Văn Mai Hương",
      "source": "https://thantrieu.com/resources/music/1078245061.mp3",
      "image": "https://thantrieu.com/resources/arts/1078245061.webp",
      "duration": 263
    },
    {
      "id": "1078245062",
      "title": "Quà Cho Anh",
      "album": "Ta Là Cho Nhau",
      "artist": "Miu Lê",
      "source": "https://thantrieu.com/resources/music/1078245062.mp3",
      "image": "https://thantrieu.com/resources/arts/1078245062.webp",
      "duration": 239
    },
    {
      "id": "1078245063",
      "title": "Ai Rồi Cũng Sẽ Khác",
      "album": "Giao Lộ Thời Gian Tập 8",
      "artist": "Hà Nhi",
      "source": "https://thantrieu.com/resources/music/1078245063.mp3",
      "image": "https://thantrieu.com/resources/arts/1078245063.webp",
      "duration": 273
    },
    {
      "id": "1078245064",
      "title": "Tàn Tro",
      "album": "Sa Mạc Tình Yêu",
      "artist": "Quang Hà ft Kiwi Ngô Mai Trang",
      "source": "https://thantrieu.com/resources/music/1078245064.mp3",
      "image": "https://thantrieu.com/resources/arts/1078245064.webp",
      "duration": 273
    },
    {
      "id": "1078245065",
      "title": "Theo Dấu Chân Em",
      "album": "Theo Dấu Chân Em(Single)",
      "artist": "Sara Luu ft Danny Nguyễn",
      "source": "https://thantrieu.com/resources/music/1078245065.mp3",
      "image": "https://thantrieu.com/resources/arts/1078245065.webp",
      "duration": 211
    },
    {
      "id": "1078245066",
      "title": "Chếc Lá Mùa Thu",
      "album": "Em Yêu Mùa Lá Rụng",
      "artist": "Lê Xuân Bắc ft Dương Hoàng Yến",
      "source": "https://thantrieu.com/resources/music/1078245066.mp3",
      "image": "https://thantrieu.com/resources/arts/1078245066.webp",
      "duration": 272
    },
    {
      "id": "1078245067",
      "title": "Hà Nội Mùa Lá Bay",
      "album": "Ngày Trôi Về Phía Cũ",
      "artist": "Dương Trường Giang ft Bùi Anh Tuấn",
      "source": "https://thantrieu.com/resources/music/1078245067.mp3",
      "image": "https://thantrieu.com/resources/arts/1078245067.webp",
      "duration": 387
    },
    {
      "id": "1078245068",
      "title": "Quay Lại",
      "album": "Tạm Biệt Anh",
      "artist": "Trang Pháp",
      "source": "https://thantrieu.com/resources/music/1078245068.mp3",
      "image": "https://thantrieu.com/resources/arts/1078245068.webp",
      "duration": 221
    },
    {
      "id": "1078245069",
      "title": "Là Con Gái Thật Tuyệt",
      "album": "Làm Điều Mình Yêu",
      "artist": "Thái Trinh",
      "source": "https://thantrieu.com/resources/music/1078245069.mp3",
      "image": "https://thantrieu.com/resources/arts/1078245069.webp",
      "duration": 214
    },
    {
      "id": "1078245070",
      "title": "Xin Đừng Lặng Im",
      "album": "Xin Đừng Lặng Im(Single)",
      "artist": "SOOBIN",
      "source": "https://thantrieu.com/resources/music/1078245070.mp3",
      "image": "https://thantrieu.com/resources/arts/1078245070.webp",
      "duration": 250
    },
    {
      "id": "1121430001",
      "title": "Thủy Triều",
      "album": "Thủy Triều(Single)",
      "artist": "Quang Hùng MasterD",
      "source": "https://thantrieu.com/resources/music/1121430001.mp3",
      "image": "https://thantrieu.com/resources/arts/1121430001.webp",
      "duration": 186
    },
    {
      "id": "1121430002",
      "title": "Anh Thanh Niên",
      "album": "Anh Thanh niên(Single)",
      "artist": "HuyR",
      "source": "https://thantrieu.com/resources/music/1121430002.mp3",
      "image": "https://thantrieu.com/resources/arts/1121430002.webp",
      "duration": 239
    },
    {
      "id": "1121430003",
      "title": "Thiên Lý Ơi",
      "album": "Thiên Lý Ơi(Single)",
      "artist": "Jack- J97",
      "source": "https://thantrieu.com/resources/music/1121430003.mp3",
      "image": "https://thantrieu.com/resources/arts/1121430003.webp",
      "duration": 239
    }
  ]
}